id,author,text,url,query
2030815757911675369,Hoon¹²,"Lol wrong.  
Also ford sucks, so sick of seeing the same white ford truck 5000 times a day.  Battery electric vehicles are for sodomites.",https://x.com/Hoon1548065/status/2030815757911675369,"""battery electric"" lang:en filter:replies"
2030803625514070045,C.Therrien,"""As of early 2026, China's BYD has officially overtaken Tesla as the world's top-selling electric vehicle (EV) automaker. In 2025, BYD sold approximately 2.26 million battery electric vehicles (BEVs) compared to Tesla's 1.64 million deliveries.""",https://x.com/thchris1958/status/2030803625514070045,"""battery electric"" lang:en filter:replies"
2030771359828398408,BeerbanditStonks,What's that matter ? He's looking at cost of battery electric transportation vs. internal combustion in light of  the recent oil spike. The comparison is not which is more environmentally friendly.,https://x.com/BeerbanditStonk/status/2030771359828398408,"""battery electric"" lang:en filter:replies"
2030647872585392429,(Light Bringer) + (Black in German),"Battery Electric Vehicles eliminate point source emissions, they move entire emissions problem to supply chain & EOL end of life, noting battery fading reducing range over vehicles useful life degrading along the way, not a substitute for Hydro Carbon Fueling System Scale",https://x.com/CosmicInglewood/status/2030647872585392429,"""battery electric"" lang:en filter:replies"
2030618197507067991,ClareEVOwners,Battery Electric Vehicles (BEVs) accounted for 18.72% of all new car registrations for the period of January and February 2026,https://x.com/clareevowners/status/2030618197507067991,"""battery electric"" lang:en filter:replies"
2030618104280088989,ClareEVOwners,"New Battery Electric Vehicle (BEV) registrations in County Clare experienced significant growth in early 2026, with a total of 217 new electric cars registered during January and February 2026, compared to 126 during the same period in 2025.",https://x.com/clareevowners/status/2030618104280088989,"""battery electric"" lang:en filter:replies"
2030479718386938108,Vin,Capacitors are fundamentally different from battery electric. They can’t dial it up. For them to go anymore “hybrid” would require a whole new chassis (tbf that’s coming in 2027 allegedly) but there’s no plan to make the engines hybrids atm,https://x.com/vnyand/status/2030479718386938108,"""battery electric"" lang:en filter:replies"
2030474819733741948,The Void,"oh i wasnt even thinking about sound constraint. tbh once its on your neck it wouldnt need to be silent. itd just need to have enough space for a small battery, electric motor, and transmission to enable slow turning, high torque, and reversal resistance.",https://x.com/Iandaddy1502/status/2030474819733741948,"""battery electric"" lang:en filter:replies"
2030447361156104559,Grok,"Yes, cobalt is used in many lithium-ion batteries (e.g. NMC types) for stability, energy density & safety. But not all—LFP chemistry uses zero cobalt & is already in rail/storage apps. Lifecycle studies (ICCT, Nature) show battery-electric rail cuts GHG 50-80% vs diesel, even",https://x.com/grok/status/2030447361156104559,"""battery electric"" lang:en filter:replies"
2030408397565157604,Grok,"In Washington state, battery electric vehicles (BEVs) pay $225 in additional annual registration fees on top of standard tabs:

- $150 EV fees ($100 + $50, per RCW 46.17.323)
- $75 transportation electrification fee (RCW 46.17.324)

This applies to vehicles that can recharge",https://x.com/grok/status/2030408397565157604,"""battery electric"" lang:en filter:replies"
2030381737520267321,SkibidiRizz2018,"Buses can run very frequently on a core route, but branch off to many different places when density gets lower. And you could use battery electric trolley buses with overhead wires only on the denser points where multiple routes run, with extra charging points at termini",https://x.com/SkibidiRizz2018/status/2030381737520267321,"""battery electric"" lang:en filter:replies"
2030318033403564066,Grok,"Yes, similar 24V 2-3 seater Raptor-style electric kids ride-on SUVs (with remote, 4WD) are available in KSA on 
http://
Amazon.sa.

Example: Licensed Ford Bronco Raptor 24V 2-seater here 
https://
amazon.sa/-/en/First-Rid
e-Licensed-Battery-Electric/dp/B0DB5C3QTS
…

Another option: 
https://
amazon.sa/-/en/Licensed-
Spacious-Powerful-Headlight-Suspension/dp/B0D9QLT6BT
…

Search ""24V ride on",https://x.com/grok/status/2030318033403564066,"""battery electric"" lang:en filter:replies"
2030282349406036206,Daniel Baines,"Battery electric vehicles are great, i love my Renault Scenic E-Tech; my dream car is a Tesla though! I would never go back to petrol or diesel, BEVs are just better; but they shouldn't be forced.",https://x.com/DanielBaines123/status/2030282349406036206,"""battery electric"" lang:en filter:replies"
2030263687617843286,Grok,"Fact check kiya bhai. Ukraine: circular motion drones (FPV/loitering, battery-electric motors) ICE vehicles/tanks ko decimate kar rahe hain - sahi, thousands destroyed per OSINT reports. China batteries, EV motors, drone tech mein dominate karta hai - confirmed. Iran military",https://x.com/grok/status/2030263687617843286,"""battery electric"" lang:en filter:replies"
2030232249262588254,Grok,"Yes, those are the standard UK distinctions per SMMT Feb 2026 data: 
HEV (non-plug-in hybrids): 13.1% 
PHEV (plug-ins): 11.6% (up 43.5%) 
BEV (battery electric): 24.2% (volumes up 2.8%) 

Electrified total: 48.9% of 90,100 registrations. Full breakdown confirms overall market",https://x.com/grok/status/2030232249262588254,"""battery electric"" lang:en filter:replies"
2030228601099137040,Thinker,"All those things battery, electric motor are made up of minerals like lithuim and rare earth magnet  the great Deng zhao ping realised this in 1980s  imagine what vision that man had india will never have a leader of that caliber .",https://x.com/Abhinav38732903/status/2030228601099137040,"""battery electric"" lang:en filter:replies"
2030197056133026250,David Glynne Jones,"Why?

Battery electric traction is emerging as a viable option for both passenger and freight railways.",https://x.com/DavidGlynneJon1/status/2030197056133026250,"""battery electric"" lang:en filter:replies"
2030191058962075798,HD Creative,"Don't hold your breath regarding #ACCC taking action. Aussie companies that take action eg $JNS converting #diesel #fuel trucks to fully #battery electric trucks, is going to be a better solution. As battery prices continue to fall, this will only accelerate in pace...",https://x.com/HDCCreative/status/2030191058962075798,"""battery electric"" lang:en filter:replies"
2030190909867053432,Beastident,"Leave F1. Go to Nascar. At least they have V8 and no stupid battery electric non sense. Leave the woke F1 , Max. Real racing sport awaits in the States.",https://x.com/beastident45/status/2030190909867053432,"""battery electric"" lang:en filter:replies"
2030189891137720523,HD Creative,"Yep, #electric ferries & trucks will be the next wave. Here in Oz, $JNS converting #diesel #fuel trucks to fully #battery electric trucks. As battery prices continue to fall, this will only accelerate in pace...",https://x.com/HDCCreative/status/2030189891137720523,"""battery electric"" lang:en filter:replies"
2030189683465154819,HD Creative,"Yep, #EVs getting the tech breakthroughs and headlines now. Next wave will be electric trucks & ferries. $JNS converting #diesel #fuel trucks to fully #battery electric trucks. As battery prices continue to fall, this will only accelerate in pace...",https://x.com/HDCCreative/status/2030189683465154819,"""battery electric"" lang:en filter:replies"
2030189236763382169,HD Creative,"$JNS converting #diesel #fuel trucks to fully #battery electric trucks. As battery prices continue to fall, this will only accelerate in pace...",https://x.com/HDCCreative/status/2030189236763382169,"""battery electric"" lang:en filter:replies"
2030175465063764246,Stephenie ciulla,"- Elon Musk's post celebrates Tesla surpassing the Volkswagen Group in quarterly battery electric vehicle sales in Norway, as shown in a line chart of cumulative Q1 2026 data from Elbil Statistik.",https://x.com/StephenieCuilla/status/2030175465063764246,"""battery electric"" lang:en filter:replies"
2030127026821022065,Grok,"It's deflating because the onboard footage highlights the heavy battery/electric deployment in today's (and especially 2026's) hybrid power units—less raw V6 turbo scream, more silent electric torque and energy-flow telemetry. Purists miss the unfiltered engine drama that defined",https://x.com/grok/status/2030127026821022065,"""battery electric"" lang:en filter:replies"
2030111177229959603,Grok,"Bill Gates said in 2020 that battery-electric 18-wheelers would ""probably never"" be practical for long-haul due to added weight killing payload and efficiency. 

Tesla Semi is now doing exactly that in real ops—including these icy northern routes where cold hurts batteries most.",https://x.com/grok/status/2030111177229959603,"""battery electric"" lang:en filter:replies"
2030095934332256460,igniteXi,"Bill Gates said electric trucks couldn’t handle the real world.

Tesla Semi just rolled north — proving battery-electric long-haul works even in brutal cold.

This is what happens when you execute instead of bet against the future.

North to abundance.",https://x.com/igniteXi/status/2030095934332256460,"""battery electric"" lang:en filter:replies"
2030038017742885091,Stephen,They may choose to require everyone to have GPS based monitors but RUC doesn't require that. It can be done off odometer readings just like it is for light diesel and battery electric vehicles right now.,https://x.com/nzsd/status/2030038017742885091,"""battery electric"" lang:en filter:replies"
2030037344649367934,Stephen,"We got rid of those a decade ago because of... well, no-one ever actually explained why. Although we do now have a few dinky Chinese battery electric buses which isn't an option in Tariff Land",https://x.com/nzsd/status/2030037344649367934,"""battery electric"" lang:en filter:replies"
2029967193266364879,CLondoner92,"The article is from 2022, and the battery-electric retrofitted New Routemaster has not been in service since December 2023.

https://
lvf.io/#LDN|history%2
0ltz1011
…

https://
tfl.gov.uk/corporate/tran
sparency/freedom-of-information/foi-request-detail?referenceId=FOI-1201-2425
…",https://x.com/CLondoner92/status/2029967193266364879,"""battery electric"" lang:en filter:replies"
2029965855518314530,The Fact Checking Department,"False information, a trial is currently underway.",https://x.com/Meri1320708/status/2029965855518314530,"""battery electric"" lang:en filter:replies"
2029927154016813213,W. Clifton,"The existing fleet should be fully refurbished
Powerblind system replaced by colour-LED panels
Interior next-stop displays upgraded from LED to LCD
Volvo Hybrid system replaced by pure-diesel or Battery-Electric system.

No new fleet is needed.",https://x.com/wclifton968/status/2029927154016813213,"""battery electric"" lang:en filter:replies"
2029922607437369358,The Fact Checking Department,Are you aware that these buses are trialed for EV conversion?,https://x.com/Meri1320708/status/2029922607437369358,"""battery electric"" lang:en filter:replies"
2029872852934201763,Andrew Griffiths,I'm sure you saw this. It's a slightly different version of X’trapolis that Melbourne is getting. Dublin has the same gauge and overhead voltage as Melbourne too.,https://x.com/pixeltoofar/status/2029872852934201763,"""battery electric"" lang:en filter:replies"
2029813466505281959,MUKTII,"The trend is only accelerating. February 2026 data shows that 1 in 4 new cars sold in the UK was a battery electric vehicle (BEV). With the ""new plate"" sales month of March currently underway, the UK is on track to meet its Zero Emission Vehicle (ZEV) Mandate targets for 2026,",https://x.com/dyatlov75/status/2029813466505281959,"""battery electric"" lang:en filter:replies"
2029716208296284352,AL Set,Now that most consumers have a choice between a gas car and a battery electric car why would they choose a vehicle that gives them “fossil fuel anxiety?”,https://x.com/AlSet51241438/status/2029716208296284352,"""battery electric"" lang:en filter:replies"
2029650052159791359,P Soffe,"I happily stick with my home and office having an Air Source Heat Pump, solar & battery, electric car. It all works fine for me and no need to buy gas or oil off unreliable foreign states at unpredictable rates. Even Norways grid is 95% renewable. They export gas to mugs like UK",https://x.com/PSoffe1/status/2029650052159791359,"""battery electric"" lang:en filter:replies"
2029638932980199594,Dan Lewis,"Any sector driven via natural resources readily available in usa

Steel, cooper,minerals, oil, oil, oil,

Solar, battery

Electric gridinvestment tied to military, weapons manufacturing,  infrastructure 

Donestic over foreign",https://x.com/daneez9999/status/2029638932980199594,"""battery electric"" lang:en filter:replies"
2029628502115504592,Ser Žile,"I ovde si se cinimi se zajebao:
Only seven petrol, 29 hybrid and 98 diesel cars were registered, while more than 2,000 battery electric vehicles (BEVs) were sold.",https://x.com/guitarwallnet/status/2029628502115504592,"""battery electric"" lang:en filter:replies"
2029613568132534313,Taylor Sopko,"That was true for old lead acid battery electric cars from the 20th century.
Not anymore with todays batteries.",https://x.com/crazymacaw/status/2029613568132534313,"""battery electric"" lang:en filter:replies"
2029590547044724898,LeRaffl,"I don't? PHEV are blue and HEV are part of the red ICE curve.
Green BEV curve is specifically just battery electric vehicles, no Hybrids of any kind in there.",https://x.com/leRaffl/status/2029590547044724898,"""battery electric"" lang:en filter:replies"
2029505574304678253,Pranav Jindal,"Still, will never fly for passenger cars.

We don't need to waste time of hydrogen cars. Go all battery electric. That is the present and the future.",https://x.com/pranavjindal999/status/2029505574304678253,"""battery electric"" lang:en filter:replies"
2029481888327274802,W. Clifton,"Electrification is more expensive, and the Office of Rail and Road(?) has banned electrifying routes to cheaper 3rd rail 750v electric system on ""safety grounds"".
Battery-electric trains only exist to get around the pointless regulations.",https://x.com/wclifton968/status/2029481888327274802,"""battery electric"" lang:en filter:replies"
2029456176468156606,Micheal Nugent,"Battery electric won't cut...................piston, oil and steal",https://x.com/MichealNugent22/status/2029456176468156606,"""battery electric"" lang:en filter:replies"
2029431469559693327,Aditya Aggarwal,"Even for total evs its a potential risk. 

China recently banned flush electric door handles for the same security concern. 

Doors should have manual override from inside as well - to cover for fire/battery/electric malfunction",https://x.com/adiag91/status/2029431469559693327,"""battery electric"" lang:en filter:replies"
2029389270566531148,Sigmaletter,"If we wanted to and focused money on it. We would have had battery electric cars in the 70s and or solar self charging cars.

So gaslighted most of us are.",https://x.com/sigmaletter/status/2029389270566531148,"""battery electric"" lang:en filter:replies"
2029342414465581261,Michael Lee,"Differences Among BEV, PHEV, HEV, REEV, FCEV, and MHEV

Below is a clear overview of major electrified‑vehicle types and their technical distinctions.

Battery Electric Vehicle (BEV)

A BEV is powered entirely by electric motors using a large traction battery pack—typically",https://x.com/Michael32967592/status/2029342414465581261,"""battery electric"" lang:en filter:replies"
2029337473638383775,Gregory Morales,"Diesel Subs when running battery electric are silent
As well their 50 cycle systems will just add to the huge 50 cycle background of everything in the water but US Military Ships 
Lots of nice things about non-Nic submarines",https://x.com/Morales4SDMayor/status/2029337473638383775,"""battery electric"" lang:en filter:replies"
2029290999969722611,Fabriphila,"In 2025, Norway cemented its position as the global leader in electric vehicle adoption, with BEVs (Battery Electric Vehicles) accounting for 95.9% of all new passenger cars. A record 179,550",https://x.com/fabriphila/status/2029290999969722611,"""battery electric"" lang:en filter:replies"
2029282619553407194,THE GLOBAL WATCHDOG,"EV MARKET BY PROPULSION TYPE (2025)

 Battery Electric (BEV): 64.3%
 Plug-in Hybrid (PHEV): 35.7%
China's dominance is even stronger in PHEVs:

 China holds 76.4% of the global PHEV market.
 China holds 64.3% of the global BEV market.",https://x.com/glwatchdog/status/2029282619553407194,"""battery electric"" lang:en filter:replies"
2029278179471343825,Grok,"Yes, it's true. Official data from Norway's OFV shows 7,272 new passenger cars registered in February 2026, with battery-electric vehicles at 7,127 (98%). Pure petrol cars: exactly 12. Diesel: 67. Hybrids: 66 total. Fossil cars are now all but gone from new sales.",https://x.com/grok/status/2029278179471343825,"""battery electric"" lang:en filter:replies"
2029269062463963255,Toyota Long Mile,"Up to 600km range 
 100% Battery Electric 
 Landing at Toyota Long Mile, Dublin 12 

 #ToyotaCHRPlus #Toyota #EV #ElectricVehicle #EVIreland #TestDriveEvent",https://x.com/ToyotaLongMile/status/2029269062463963255,"""battery electric"" lang:en filter:replies"
2029261361801302264,Grok,"In February 2026, Norway registered 7,272 new passenger cars. 

- Battery electric vehicles (BEV): 98% (~7,127)
- Petrol (gasoline): 12
- Diesel: 67
- Hybrids (incl. 46 PHEV): 66

Tesla led sales with 1,210 units (mostly Model Y at 1,073). Fossil cars are now virtually phased out",https://x.com/grok/status/2029261361801302264,"""battery electric"" lang:en filter:replies"
2029236832500609506,Mark,I’m still sad that they are not selling full battery electric after the pivot to new cars from China .,https://x.com/Junior2uu/status/2029236832500609506,"""battery electric"" lang:en filter:replies"
2029168558941298694,Grok,"Yes, it's true. Official OFV data shows Norway registered 7,272 new cars in Feb 2026. Just 12 were pure petrol (0.17%), 67 diesel, and 7,127 battery-electric (98%). Fossil cars are effectively phased out in new sales.",https://x.com/grok/status/2029168558941298694,"""battery electric"" lang:en filter:replies"
2029159204800352387,Grok,"Yes, it's true. Official Norwegian data (OFV) shows 7,272 new passenger cars registered in February 2026. Of those, just 12 were pure petrol ICE (0.17%), 67 diesel, and 7,127 battery-electric (98%). Hybrids were minimal too. Norway's EV dominance continues strong.",https://x.com/grok/status/2029159204800352387,"""battery electric"" lang:en filter:replies"
2029156333837000937,Nothing but Tesla,"101 on How to use visual artifact to change the narrative : 
2025 full-year BEV-only sales (pure battery electric, excluding all hybrids/PHEV): Total BEV: 103,269–103,355 units. Tesla: 28,856 units (≈27.9% market share). BYD: 25,287 units (≈24.5% market share).
Tesla led the",https://x.com/ButTsla/status/2029156333837000937,"""battery electric"" lang:en filter:replies"
2029149997418139850,Grok,"According to OFV data, Norway registered 7,272 new passenger cars in February 2026.

Battery-electric: 7,127 (98%)

Pure petrol: 12 
Pure diesel: 67 
Petrol hybrids: 20 
Petrol PHEVs: 40 
Diesel PHEVs: 6 

Pure petrol/diesel total: 79 vs electric: 7,127. The 12 petrol figure",https://x.com/grok/status/2029149997418139850,"""battery electric"" lang:en filter:replies"
2029141675361104364,Grok,"In February 2026, Norway registered 7,127 battery-electric vehicles out of 7,272 total new passenger cars (98%). Only 12 pure petrol cars were sold, plus 67 diesels and 66 hybrids. Data from OFV.",https://x.com/grok/status/2029141675361104364,"""battery electric"" lang:en filter:replies"
2029131272526725231,Paul Appleby,"Yes, the claim in the post is **true**.

According to multiple recent reports citing official data from the Norwegian Road Traffic Information Council (**OFV**), Norway registered exactly **12 new petrol (gasoline) cars** in February 2026.

- EVs (fully battery electric)",https://x.com/PaulTallAppleby/status/2029131272526725231,"""battery electric"" lang:en filter:replies"
2029111593049702823,Zohair Nanjiani,Need to look into these,https://x.com/znanjiani/status/2029111593049702823,"""battery electric"" lang:en filter:replies"
2029097353441878494,Wild Blue Jester,"Going for hybrid now is just a late admission that the battery electric concept does not work out, be it technically or economically.",https://x.com/wildbluejester/status/2029097353441878494,"""battery electric"" lang:en filter:replies"
2029068545884115212,Grok,"In 2025 (latest full-year data), 95.9% of new passenger cars registered in Norway were battery-electric vehicles. Norway produces no cars domestically, so all new private vehicles are imported—meaning 95.9% of imported new additions to the fleet were EVs.

In NZ, BEVs were ~5.6%",https://x.com/grok/status/2029068545884115212,"""battery electric"" lang:en filter:replies"
2029063241373237261,Dicky Chap,"None of those systems are needed in Battery Electric solutions.

Battery Electric trucks get charged the same way all my EVs do - from Solar, Grid Solar, from Solar stored in our home batteries or fast chargers backed up with batteries.",https://x.com/DickyChap/status/2029063241373237261,"""battery electric"" lang:en filter:replies"
2029060647737278515,Dicky Chap,"You’re either knowingly lying or profoundly misinformed, because international shipping regulations have drastically reduced Sulphur emissions.

Also you can’t even spell delusion correctly, or be aware of pure battery electric trucks from Volvo, Tesla or even Janus here in Aus.",https://x.com/DickyChap/status/2029060647737278515,"""battery electric"" lang:en filter:replies"
2029054692341498121,JT,"27.2 million people in Australia by mid this year 

 Total EVs on Australian Roads
•More than ~454,000 electric vehicles (including battery electric vehicles and plug–in hybrids) are estimated to be part of the national fleet by the end of 2025/early 2026.

Only have approx",https://x.com/Matkins2021/status/2029054692341498121,"""battery electric"" lang:en filter:replies"
2028967967556505658,Dicky Chap,Time to stop needing it. Battery electric alternatives are now available.,https://x.com/DickyChap/status/2028967967556505658,"""battery electric"" lang:en filter:replies"
2028951405244104929,David Mitchell,"Probably not. But they are building battery electric haul trucks for the mining industry, so tell me if they are operating shorter times with less traction.",https://x.com/flexibledragnet/status/2028951405244104929,"""battery electric"" lang:en filter:replies"
2028945309011693571,Boje Müller,Battery Electric Vehicle,https://x.com/MullerBoje/status/2028945309011693571,"""battery electric"" lang:en filter:replies"
2028928229331857486,feersum endjinn,If the ferries are not battery electric then we are just repeating mistake after mistake.   We need 21st century competitiveness not subsidised obsolete tech.,https://x.com/EndjinnFeersum/status/2028928229331857486,"""battery electric"" lang:en filter:replies"
2028927384049627228,feersum endjinn,"They had better  be completely electric.  As that is what is coming online around the world right now.  Huge battery electric ferries launched in Norway,  Australia and New Zealand.  China is building battery powered container ships.  Don’t subsidise last century tech like the",https://x.com/EndjinnFeersum/status/2028927384049627228,"""battery electric"" lang:en filter:replies"
2028918044307620062,Brakey,"They are leading the world now on Solar, battery electric and all renewable energy it’s going no where. They can all fight like fuck over oil then without a care",https://x.com/Wolfismithbrake/status/2028918044307620062,"""battery electric"" lang:en filter:replies"
2028863101786083518,Michael Scott Gary,"Large sailing vessels but people are not willing to spend weeks making crossings...
Solar battery electric propulsion could supplement for slightly higher hull speed, but not much...",https://x.com/AGlobalCitizen/status/2028863101786083518,"""battery electric"" lang:en filter:replies"
2028859403382693897,Grok,"Yes, BYD BEVs (Battery Electric Vehicles) are full EVs—100% battery-powered with no gasoline engine, exactly like Tesla's. 

The 2025 global BEV sales figures we referenced (BYD ~2.26M vs Tesla ~1.64M) use this strict definition from S&P Global Mobility and industry trackers. BYD",https://x.com/grok/status/2028859403382693897,"""battery electric"" lang:en filter:replies"
2028858274582311355,Grok,"The map from Nikkei (using S&P Global Mobility data) compares BEV sales volumes—pure battery electric vehicles only—between BYD and Tesla. Tesla sells no PHEVs, so it's an apples-to-apples BEV matchup. BYD overtook in 22 markets on BEV figures (not their total NEVs, which include",https://x.com/grok/status/2028858274582311355,"""battery electric"" lang:en filter:replies"
2028846942994763915,Grok,"Haha, that ""Tesla Airbike"" video is straight-up CGI/AI clickbait—Elon hasn't revealed anything like it. Tesla's battery-electric tech already crushes it for driveway practicality. Hydrogen fuel cells? Cool for niches like heavy trucking, but yeah, not ideal for quick home",https://x.com/grok/status/2028846942994763915,"""battery electric"" lang:en filter:replies"
2028831056431063043,FOOD WORLD ZONE,"Fleet Composition and Market Share
The transition has reached a point where electric models now represent a significant portion of all vehicles currently in circulation: 
Passenger Cars: Roughly one in three (32.4%) registered passenger cars in Norway is now battery-electric.",https://x.com/foodworldzone/status/2028831056431063043,"""battery electric"" lang:en filter:replies"
2028819322710139176,Mark Harrison e/acc,The fact hydrogen has to be “made” using electricity means it is just a glorified battery chemical. But the density is horrible. Compressed natural gas is the best ICE fuel for city busses because the exhaust is clean. Battery electric makes a lot of sense for city busses because,https://x.com/meh_130/status/2028819322710139176,"""battery electric"" lang:en filter:replies"
2028760642803445969,Dave Allcock,"I know most F1 teams have run a lot of laps & done extensive testing, but given the demands on battery, electric motor & regeneration systems,I wonder how many other teams have driveline longevity concerns,albeit not of Honda's scale?",https://x.com/Jazzed_on_Java/status/2028760642803445969,"""battery electric"" lang:en filter:replies"
2028738364334321689,Dicky Chap,"Sure there is still a minimum “baseload” at night, but there is no daily minimum now and batteries fill up with the excess generated during the day which then discharge at night, as can battery electric vehicles, so where is the need for constant-power Nuclear? There isn’t one.",https://x.com/DickyChap/status/2028738364334321689,"""battery electric"" lang:en filter:replies"
2028737517307183331,Arto,but a train yes,https://x.com/misterarto/status/2028737517307183331,"""battery electric"" lang:en filter:replies"
2028737042734330244,Dicky Chap,That’s my point. Not replacing them with battery electric trucks when we have the chance is a food security risk.,https://x.com/DickyChap/status/2028737042734330244,"""battery electric"" lang:en filter:replies"
2028736791533277235,Dicky Chap,"With heavy diesel trucks, which won’t run at all if we have no diesel. Not switching to battery electric trucks is a very dumb fuel security risk.",https://x.com/DickyChap/status/2028736791533277235,"""battery electric"" lang:en filter:replies"
2028736541124935841,Dicky Chap,"In heavy diesel trucks, which we’ve had at least ten years of battery electric options to replace them with. You seen that China is replacing their entire transport system with battery electric vehicles? They’re not doing it because they care about you.",https://x.com/DickyChap/status/2028736541124935841,"""battery electric"" lang:en filter:replies"
2028725708420444584,Max Foster,"Ok, the 135hp battery-electric tractor shown in this video is not the massive tractor needed, say, in parts of wheatbelt Western Australia, to scratch in a broadacre crop on a single rainfall event. But electric tractors are developing.

I'd keep an open mind, if I were you,",https://x.com/MaxwellJFoster/status/2028725708420444584,"""battery electric"" lang:en filter:replies"
2028678890118684937,Hamish Kibblewhite,Bhp and Rio  tinto trialling electric trucks at mining sites,https://x.com/rutjumper/status/2028678890118684937,"""battery electric"" lang:en filter:replies"
2028630118650798576,Grok,"Yes, exactly—EVs (battery-electric) are mainly for ground/road transport: passenger cars, some buses/vans, and limited heavy trucks (China leads globally but still <5% of truck fleet).

Sea shipping and aviation remain 99%+ oil-dependent (marine fuel oil, jet kerosene). Electric",https://x.com/grok/status/2028630118650798576,"""battery electric"" lang:en filter:replies"
2028204000865034604,Roger Williams,"Nottingham has a fleet of gas buses. I think they’ve just been decommissioned after 8 years and replaced with battery electric. The gas buses were far lower total emissions than diesels, but still had tailpipe emissions. Seems like gas might be a passing phase.",https://x.com/rjwilliams90/status/2028204000865034604,"""battery electric"" lang:en filter:replies"
2028177053028110805,Fouvry GraphFinancials,"Well, the sales of EVs are above 50% of new cars ALREADY.
New Energy Vehicles (NEVs)—which include battery electric vehicles (BEVs) and plug-in hybrids (PHEVs)—are expected to continue dominating the Chinese auto market in 2026 and 2027, with penetration rates projected to",https://x.com/GraphCall/status/2028177053028110805,"""battery electric"" lang:en filter:replies"
2028148241645162762,Dmytro Tyshenko,"Yes, even from the maker you've mentioned, CAT 793 XE is battery electric. Also, Hitachi, Volvo and multiple Chinese manufacturers offer a variety of electric mining equipment, not just trucks",https://x.com/dima_ti1/status/2028148241645162762,"""battery electric"" lang:en filter:replies"
2028145267367686574,Nikóla,also trolleybus < battery electric bus,https://x.com/redredredredsys/status/2028145267367686574,"""battery electric"" lang:en filter:replies"
2028025134523572272,Grok,"Sure! 2025 global pure BEV sales (battery electric only, no ICE) by top manufacturers:

BYD: ~2.26M 
Tesla: 1.64M 
Geely: ~1.20M 
Wuling/Baojun: ~0.86M 

BYD now leads pure BEVs too. Data from Autovista24 & Best-Selling-Cars reports.",https://x.com/grok/status/2028025134523572272,"""battery electric"" lang:en filter:replies"
2027921006988276137,Nathaniel,"Nikola Tesla was indeed a great inventor and a great scientist.
But Nikola Tesla would never ever build a battery electric car. 
In fact his electric car that he has built, a modified pierced arrow, used long range energy transmission over hundreds of miles over his Wardcliff",https://x.com/Nathaniel7654/status/2027921006988276137,"""battery electric"" lang:en filter:replies"
2027846194521670008,JeanLuc Pickard,"No offense mate!? What ideas? Its a battery electric car? Where's the patented idea? Its been around since the 30s ....!!!! Elon, get a grip of yourself mate!",https://x.com/PickardJea88290/status/2027846194521670008,"""battery electric"" lang:en filter:replies"
2027798323864723923,VANADIUM,"In recent data, close to 20% of passenger cars registered in Denmark are now fully electric (battery electric vehicles, BEVs) meaning nearly 1 in 5 cars on the road run entirely on electricity.",https://x.com/VANADIUM_UTD/status/2027798323864723923,"""battery electric"" lang:en filter:replies"
2027742561306042688,Kevin Watt,Research shows that diesel buses are roughly 100 to 200 times more likely to ignite than battery-electric buses.,https://x.com/KevinGSWatt/status/2027742561306042688,"""battery electric"" lang:en filter:replies"
2027708700186612172,Matt Lyons,Physics. Hydrogen is significantly less efficient than battery electric vehicles.,https://x.com/mattlyon/status/2027708700186612172,"""battery electric"" lang:en filter:replies"
2027553767366004853,TomOyn,Can I be even more pedantic and say if the Hobart hydrogen buses are like the ones in Adelaide they are only operating in battery-electric mode as no hydrogen refueling facilities are actually available for heavy vehicles,https://x.com/AussieWirraway/status/2027553767366004853,"""battery electric"" lang:en filter:replies"
2027550259392741876,Tas Gunner,"I will be pedantic and say that Hobart has no battery electric buses in its regular fleet, but three hydrogen-electric hybrids. The four battery electric buses in the MetroTas fleet operate in Launceston.",https://x.com/GunnerTas/status/2027550259392741876,"""battery electric"" lang:en filter:replies"
2027546684582928703,Grok,"Purchase: ~$750k–$1.25M per 40-ft battery-electric bus in CA (recent agency deals avg ~$1M), so $300M–$500M total for 400. Incentives (HVIP ~$100k–$150k/bus) cut net.

Annual operation (30k–40k mi/bus, typical transit):
- Electricity + maint: $12k–$25k/bus → $5M–$10M total.
-",https://x.com/grok/status/2027546684582928703,"""battery electric"" lang:en filter:replies"
2027544543147790845,TomOyn,"Every Australian capital (except Darwin) now has battery-electric buses being used as part of everyday operations

My general impression is that Perth and Sydney are the furthest ahead with diesel bus replacement, while Brisbane and Hobart are both behind the curve currently",https://x.com/AussieWirraway/status/2027544543147790845,"""battery electric"" lang:en filter:replies"
2027530690133430444,"Hey Dan, it's me!","Nah, it can all run on solar these days. Water pumping is generally the largest energy requirement & is best done solar electric. Basically, all machinery for a small scale farm is available as battery electric. Much is made in India, but I imagine a lot will be built locally.",https://x.com/HeyDanitsme/status/2027530690133430444,"""battery electric"" lang:en filter:replies"
2027517424392933575,Omni Curious,The chances of battery/electric-rotor failure are almost zero compared to a traditional helicopter...which is highly risky despite high maintenance costs,https://x.com/curious_omni/status/2027517424392933575,"""battery electric"" lang:en filter:replies"
2027456417880543619,Taupe Avenger,"There aren't reliable fuel cell locomotives at the moment, hydrogen is expensive and polluting to produce and we could do better with Battery-electric hybrid locomotives that draw power from short electrified sections to charge the batteries.",https://x.com/TaupeAvenger/status/2027456417880543619,"""battery electric"" lang:en filter:replies"
2027415679759229376,@todaystrucking,"@FPInnovations
 ' PIT Group has concluded Canada’s most comprehensive real-world test of heavy-duty battery-#electric #trucks, following two #fleets as they collected more than 200,000 km (124,224 miles) of data over a year on Montreal-area roads

https://
trucknews.com/sustainability
/canadas-largest-electric-truck-trial-delivers-clarity-for-fleets/1003209881/?_ga=2.93128670.2102401058.1771854315-1215639694.1764096425
…
#trucking",https://x.com/Todaystrucking/status/2027415679759229376,"""battery electric"" lang:en filter:replies"
2027411010722636201,Electric Regional/National Rail to NA when?,Battery electric?,https://x.com/hsrgood/status/2027411010722636201,"""battery electric"" lang:en filter:replies"
